,number,value,datetime_start,datetime_complete,duration,params_activation_fn,params_batch_size,params_clip_range,params_ent_coef,params_gae_lambda,params_gamma,params_learning_rate,params_max_grad_norm,params_n_epochs,params_n_steps,params_net_arch,params_vf_coef,system_attrs_completed_rung_0,system_attrs_completed_rung_1,system_attrs_completed_rung_2,state
0,0,90.77375079999999,2022-06-25 19:06:44.896786,2022-06-25 19:45:04.184488,0 days 00:38:19.287702,relu,128,0.2,2.0872677006876618e-08,0.9,0.95,0.023149108111006404,0.8,5,256,small,0.6326457008231696,70.9237526,90.77375079999999,,PRUNED
1,1,,2022-06-25 19:06:44.902199,2022-06-25 19:11:19.362629,0 days 00:04:34.460430,relu,8,0.4,3.419837706190202e-06,0.98,0.98,0.6235431820972046,5.0,1,128,medium,0.2660202465417606,,,,PRUNED
2,2,,2022-06-25 19:06:44.902779,2022-06-25 19:08:03.652529,0 days 00:01:18.749750,relu,16,0.4,4.561742609439629e-06,0.98,0.9999,0.5547968895001997,0.5,10,64,medium,0.4470175014994655,,,,PRUNED
3,3,408.97793859999996,2022-06-25 19:06:44.908967,2022-06-25 20:34:40.469858,0 days 01:27:55.560891,relu,32,0.4,6.617267658606467e-05,0.98,0.9,4.16063224638158e-05,0.7,10,512,medium,0.31891449079899326,310.2933296,408.97793859999996,,PRUNED
4,4,312.22998040000004,2022-06-25 19:08:03.653355,2022-06-25 21:31:25.275224,0 days 02:23:21.621869,tanh,512,0.4,0.00011040674836880027,1.0,0.9,1.841645507088866e-05,2.0,10,1024,medium,0.269032939640485,100.1033328,513.047828,368.405882,COMPLETE
5,5,89.61772579999999,2022-06-25 19:11:19.363363,2022-06-25 19:33:07.692389,0 days 00:21:48.329026,tanh,64,0.1,0.0002952324511317506,0.98,0.995,0.16810004344097637,0.9,20,256,small,0.5801601374202083,89.61772579999999,,,PRUNED
6,6,-6.650815199999999,2022-06-25 19:33:07.693111,2022-06-25 19:44:52.950332,0 days 00:11:45.257221,tanh,16,0.4,1.2229360523092699e-05,0.98,0.95,0.023649886307658897,0.9,1,32,medium,0.8001481163306259,-6.650815199999999,,,PRUNED
7,7,-11.581378599999999,2022-06-25 19:44:52.951245,2022-06-25 19:54:23.561503,0 days 00:09:30.610258,tanh,64,0.4,7.419281888180092e-05,0.92,0.99,0.7908528181200748,1.0,1,1024,medium,0.2272548647043814,-11.581378599999999,,,PRUNED
8,8,-5.427521400000001,2022-06-25 19:45:04.185101,2022-06-25 19:55:45.741073,0 days 00:10:41.555972,tanh,256,0.4,3.526817418617051e-05,0.8,0.99,0.03469017551645701,2.0,10,256,medium,0.6230457550680665,-5.427521400000001,,,PRUNED
9,9,351.1513824,2022-06-25 19:54:23.562059,2022-06-25 20:48:32.878197,0 days 00:54:09.316138,relu,64,0.1,0.002851334823663829,0.98,0.98,0.0029556689821388115,1.0,10,512,medium,0.7343973747153199,395.01542600000005,351.1513824,,PRUNED
10,10,-13.113468999999998,2022-06-25 19:55:45.741927,2022-06-25 20:09:43.543950,0 days 00:13:57.802023,relu,128,0.3,6.282509747812078e-06,0.8,0.9,0.07498214589585636,0.7,1,8,medium,0.33964523959613935,-13.113468999999998,,,PRUNED
11,11,68.9482568,2022-06-25 20:09:43.544535,2022-06-25 20:20:49.915676,0 days 00:11:06.371141,relu,512,0.4,4.4050567444765363e-05,1.0,0.9999,0.00025754364706144246,0.5,20,256,small,0.8523189293427852,68.9482568,,,PRUNED
12,12,-15.202099,2022-06-25 20:20:49.916214,2022-06-25 20:52:49.213667,0 days 00:31:59.297453,relu,128,0.4,0.0023141427895235034,0.95,0.995,0.011695545539451041,2.0,10,16,small,0.9482235637780164,-15.202099,,,PRUNED
13,13,-17.3367694,2022-06-25 20:34:40.471318,2022-06-25 21:24:24.242989,0 days 00:49:43.771671,tanh,64,0.4,4.826189535398171e-07,0.99,0.98,0.12367337145848344,0.9,20,16,medium,0.003641497407990135,-17.3367694,,,PRUNED
14,14,72.39005519999999,2022-06-25 20:48:32.878772,2022-06-25 22:43:01.877079,0 days 01:54:28.998307,relu,16,0.2,1.0931158325586498e-07,0.98,0.995,1.6815609129754365e-05,0.5,10,1024,small,0.7992842162609295,152.5244772,72.39005519999999,,PRUNED
15,15,627.332217,2022-06-25 20:52:49.214493,2022-06-25 22:53:34.209112,0 days 02:00:44.994619,relu,512,0.3,4.06098306684547e-07,1.0,0.995,1.2690323570856783e-05,2.0,10,16,medium,0.2042248198906388,460.4833436,627.332217,,PRUNED
16,16,12.130201399999999,2022-06-25 21:24:24.243710,2022-06-25 23:53:31.598649,0 days 02:29:07.354939,relu,64,0.2,4.0294480812177745e-07,0.9,0.999,0.00024717428500583454,2.0,1,32,medium,0.5704145712766883,787.067245,1047.6700418,590.7396114,COMPLETE
17,17,-1.7955306,2022-06-25 21:31:25.276712,2022-06-25 21:38:39.698442,0 days 00:07:14.421730,tanh,128,0.1,8.774938949957529e-08,0.98,0.98,0.22931833304331123,1.0,1,128,small,0.6644010859773609,-1.7955306,,,PRUNED
18,18,-15.0779544,2022-06-25 21:38:39.699072,2022-06-25 22:07:36.093389,0 days 00:28:56.394317,relu,16,0.3,0.00033773522369596006,0.9,0.9999,0.009705608063137468,0.9,10,1024,medium,0.8696056763744445,-15.0779544,,,PRUNED
19,19,249.7481594,2022-06-25 22:07:36.094150,2022-06-25 22:26:46.183408,0 days 00:19:10.089258,tanh,512,0.4,1.6851515258211547e-05,0.9,0.995,0.00021848879886408466,1.0,10,32,medium,0.7692315957050225,249.7481594,,,PRUNED
20,20,141.35699119999998,2022-06-25 22:26:46.183967,2022-06-25 22:46:10.233331,0 days 00:19:24.049364,tanh,256,0.2,0.016672823670521288,0.98,0.995,1.561914836948215e-05,0.7,5,16,medium,0.028727239562234445,141.35699119999998,,,PRUNED
21,21,,2022-06-25 22:43:01.877794,2022-06-25 22:47:28.858730,0 days 00:04:26.980936,tanh,512,0.2,9.211892419857715e-07,1.0,0.99,0.8572144375000877,2.0,10,16,medium,0.3581243470283513,,,,PRUNED
22,22,,2022-06-25 22:46:10.234135,2022-06-25 22:57:51.949410,0 days 00:11:41.715275,relu,32,0.1,1.0666452347260853e-07,0.95,0.9,0.3680162025962775,1.0,10,1024,small,0.43284348561251035,,,,PRUNED
23,23,150.2818522,2022-06-25 22:47:28.859582,2022-06-26 00:56:23.684669,0 days 02:08:54.825087,tanh,16,0.2,1.0735807423346631e-06,0.92,0.9999,0.0002556982505330485,0.9,10,128,medium,0.4638039236651296,478.31572239999997,150.2818522,,PRUNED
24,24,382.9201318,2022-06-25 22:53:34.209700,2022-06-26 00:18:49.639944,0 days 01:25:15.430244,tanh,64,0.2,2.6500041279066696e-05,0.8,0.98,2.2394118501437015e-05,0.6,10,32,medium,0.8529527933144037,435.030813,382.9201318,,PRUNED
25,25,411.7304848,2022-06-25 22:57:51.950399,2022-06-26 01:12:48.607937,0 days 02:14:56.657538,relu,256,0.1,0.00011899706961671985,0.92,0.99,0.0005494553144929377,2.0,10,512,medium,0.8565383483653256,629.121605,1098.8850198,411.7304848,PRUNED
26,26,165.80101019999998,2022-06-25 23:53:31.599951,2022-06-26 00:06:28.157090,0 days 00:12:56.557139,tanh,32,0.3,0.051044190479465984,0.92,0.98,0.0010486893032382936,0.7,1,8,medium,0.5145203452153774,165.80101019999998,,,PRUNED
27,27,-28.0408478,2022-06-26 00:06:28.157761,2022-06-26 00:15:25.705315,0 days 00:08:57.547554,relu,256,0.4,1.6868322975220976e-06,0.9,0.995,0.055485119549529664,2.0,5,128,small,0.3526992300182903,-28.0408478,,,PRUNED
28,28,206.6023174,2022-06-26 00:15:25.706081,2022-06-26 00:44:22.996154,0 days 00:28:57.290073,tanh,16,0.3,1.557720947440706e-08,0.99,0.9,1.2395766360254703e-05,1.0,10,128,medium,0.6008865614250749,206.6023174,,,PRUNED
29,29,-7.166620400000001,2022-06-26 00:18:49.640586,2022-06-26 00:47:37.657978,0 days 00:28:48.017392,relu,256,0.2,1.1051698913413832e-07,0.92,0.999,0.062034551730969736,0.5,10,16,medium,0.6492250341138358,-7.166620400000001,,,PRUNED
30,30,718.4931442,2022-06-26 00:44:22.996867,2022-06-26 01:28:46.453671,0 days 00:44:23.456804,tanh,512,0.3,9.795382670087209e-08,0.99,0.99,0.00014208307663893962,0.5,5,64,small,0.21564681042923775,425.8271256,718.4931442,,PRUNED
31,31,280.696447,2022-06-26 00:47:37.658883,2022-06-26 00:57:11.646840,0 days 00:09:33.987957,relu,32,0.4,1.483882166110973e-08,1.0,0.95,4.6905378428942885e-05,0.8,1,1024,small,0.006854909882945349,280.696447,,,PRUNED
32,32,81.9709838,2022-06-26 00:56:23.686127,2022-06-26 01:06:11.709897,0 days 00:09:48.023770,tanh,128,0.2,0.01777570801394454,0.8,0.99,0.097926104450525,0.3,5,128,small,0.9350960262117304,81.9709838,,,PRUNED
33,33,109.84002760000001,2022-06-26 00:57:11.647467,2022-06-26 02:00:58.009256,0 days 01:03:46.361789,tanh,128,0.4,0.0017551592903167093,0.92,0.995,0.0001657467034573592,0.5,20,16,medium,0.3650427507519576,109.84002760000001,,,PRUNED
34,34,370.0309811999999,2022-06-26 01:06:11.710474,2022-06-26 01:19:53.867254,0 days 00:13:42.156780,tanh,128,0.2,0.00047422835930840913,0.9,0.95,1.8046882746685946e-05,0.6,20,256,medium,0.46483292148159266,370.0309811999999,,,PRUNED
35,35,390.43373060000005,2022-06-26 01:12:48.610334,2022-06-26 01:23:55.856276,0 days 00:11:07.245942,relu,256,0.1,1.5782093898723188e-08,0.92,0.995,6.536669091200332e-05,0.9,5,64,medium,0.9172479317956475,390.43373060000005,,,PRUNED
36,36,553.4438602000001,2022-06-26 01:19:53.867823,2022-06-26 01:54:40.047061,0 days 00:34:46.179238,relu,32,0.1,0.0026346149046352317,0.9,0.995,8.276795525860314e-05,0.5,1,512,medium,0.12000459862837344,1026.1823406,553.4438602000001,,PRUNED
37,37,357.29144040000006,2022-06-26 01:23:55.856976,2022-06-26 01:44:53.276565,0 days 00:20:57.419589,tanh,16,0.3,0.0009353578240809671,0.9,0.99,6.248604305475012e-05,0.5,5,2048,medium,0.26255240025487325,357.29144040000006,,,PRUNED
38,38,553.5019698,2022-06-26 01:28:46.454288,2022-06-26 03:53:07.879433,0 days 02:24:21.425145,relu,128,0.3,7.529508387839127e-07,0.9,0.995,0.0008858250742469312,0.7,1,256,medium,0.79591163776193,686.5402426,855.3065536,752.9799008,COMPLETE
39,39,154.20193319999998,2022-06-26 01:44:53.278055,2022-06-26 01:56:42.094434,0 days 00:11:48.816379,relu,128,0.3,7.381096532395755e-08,0.98,0.995,2.660229317567973e-05,0.9,10,256,small,0.9321395100932093,154.20193319999998,,,PRUNED
40,40,106.514758,2022-06-26 01:54:40.047681,2022-06-26 02:28:34.759822,0 days 00:33:54.712141,relu,128,0.1,8.521721970557479e-05,0.9,0.995,0.0006990159171626703,0.8,20,32,small,0.4414223910232093,106.514758,,,PRUNED
41,41,335.4097902,2022-06-26 01:56:42.095081,2022-06-26 02:04:44.707967,0 days 00:08:02.612886,tanh,64,0.4,5.088411048159173e-06,0.92,0.98,0.013312003664914767,0.7,1,512,small,0.7953380467622124,335.4097902,,,PRUNED
42,42,77.34531059999999,2022-06-26 02:00:58.009893,2022-06-26 02:21:20.374529,0 days 00:20:22.364636,tanh,32,0.3,0.0843818470260888,0.92,0.95,0.0009417875460091105,0.7,10,128,medium,0.28744636085524966,77.34531059999999,,,PRUNED
43,43,,2022-06-26 02:04:44.708806,2022-06-26 02:05:31.354612,0 days 00:00:46.645806,relu,256,0.1,1.0313244013098148e-05,0.98,0.999,0.2856039541719234,5.0,5,16,medium,0.9563144396495026,,,,PRUNED
44,44,,2022-06-26 02:05:31.355473,2022-06-26 02:05:51.671805,0 days 00:00:20.316332,relu,512,0.4,0.0006877235646722734,0.9,0.999,0.6470281415444826,0.5,5,16,medium,0.006695255999872641,,,,PRUNED
45,45,208.590663,2022-06-26 02:05:51.672759,2022-06-26 02:19:34.633256,0 days 00:13:42.960497,tanh,64,0.1,3.601864132337874e-07,0.95,0.999,0.0027849548578230982,1.0,10,256,small,0.8975020422674778,208.590663,,,PRUNED
46,46,550.008899,2022-06-26 02:19:34.633920,2022-06-26 03:18:02.070230,0 days 00:58:27.436310,relu,128,0.4,5.772340353908714e-07,0.95,0.99,0.00010895413204342798,0.8,10,64,small,0.7844620769357668,505.7393313999999,550.008899,,PRUNED
47,47,,2022-06-26 02:21:20.375422,2022-06-26 02:21:41.239750,0 days 00:00:20.864328,tanh,8,0.2,0.016973968625366792,0.9,0.95,0.14033616581254899,0.9,5,512,medium,0.25793176691147435,,,,PRUNED
48,48,91.6383302,2022-06-26 02:21:41.240312,2022-06-26 04:10:06.619771,0 days 01:48:25.379459,tanh,8,0.4,0.00011423583481018342,0.99,0.999,0.05785248447388613,0.5,20,256,medium,0.3476937245618882,91.6383302,,,PRUNED
49,49,124.12068599999998,2022-06-26 02:28:34.760514,2022-06-26 03:02:54.573755,0 days 00:34:19.813241,tanh,256,0.4,1.3325310349105807e-08,0.99,0.99,0.002347653446354135,2.0,5,1024,medium,0.7770692221180155,477.14103220000004,124.12068599999998,,PRUNED
50,50,32.095809200000005,2022-06-26 03:02:54.574330,2022-06-26 03:22:00.117896,0 days 00:19:05.543566,tanh,16,0.3,0.0023932683361751286,0.92,0.99,0.00637681232127507,2.0,5,256,medium,0.6788014889842623,32.095809200000005,,,PRUNED
51,51,321.8190604,2022-06-26 03:18:02.070897,2022-06-26 03:31:45.562386,0 days 00:13:43.491489,relu,128,0.2,1.1154529205969594e-07,0.99,0.98,1.0672142537656063e-05,5.0,20,512,medium,0.5146592522839906,321.8190604,,,PRUNED
52,52,-5.6606098000000005,2022-06-26 03:22:00.118405,2022-06-26 03:32:27.560147,0 days 00:10:27.441742,tanh,64,0.1,1.0763119260452747e-07,0.8,0.99,0.15071544502147294,0.7,5,256,medium,0.18759732211069993,-5.6606098000000005,,,PRUNED
53,53,-7.2952174,2022-06-26 03:31:45.563135,2022-06-26 03:53:37.408961,0 days 00:21:51.845826,tanh,128,0.2,2.2880344044349617e-05,0.99,0.95,0.003249480295069334,0.7,10,32,medium,0.817175984269625,-7.2952174,,,PRUNED
54,54,299.75493919999997,2022-06-26 03:32:27.560977,2022-06-26 04:02:21.705404,0 days 00:29:54.144427,tanh,32,0.2,0.0026467519073654277,0.98,0.95,0.00029692730622581505,0.5,1,256,small,0.23941835724355157,427.2072354,299.75493919999997,,PRUNED
55,55,385.56036919999997,2022-06-26 03:53:07.880366,2022-06-26 04:20:39.421174,0 days 00:27:31.540808,relu,32,0.2,1.0511278099168306e-07,0.9,0.999,0.0010310617564049298,0.3,10,16,medium,0.5185410798796103,385.56036919999997,,,PRUNED
56,56,,2022-06-26 03:53:37.409640,2022-06-26 03:53:44.542402,0 days 00:00:07.132762,relu,256,0.2,0.0021530062677766423,0.9,0.995,0.6397599035373185,0.9,10,32,medium,0.23582830459621443,,,,PRUNED
57,57,-5.900696999999999,2022-06-26 03:53:44.543457,2022-06-26 04:22:39.243651,0 days 00:28:54.700194,tanh,256,0.3,7.516072151862099e-07,1.0,0.9999,0.0028352684478803163,0.8,20,32,medium,0.8809934602163406,-5.900696999999999,,,PRUNED
58,58,97.1574726,2022-06-26 04:02:21.706117,2022-06-26 04:28:25.074692,0 days 00:26:03.368575,relu,32,0.2,1.3460150102610523e-06,0.99,0.99,1.4191125236053758e-05,0.9,10,16,small,0.4010265096342673,97.1574726,,,PRUNED
59,59,-13.3978602,2022-06-26 04:10:06.620458,2022-06-26 04:17:27.045896,0 days 00:07:20.425438,relu,32,0.2,0.0006867900429122659,0.8,0.98,0.03130971861786137,1.0,1,16,small,0.11953329743923759,-13.3978602,,,PRUNED
60,60,50.643352199999995,2022-06-26 04:17:27.046512,2022-06-26 04:32:06.988218,0 days 00:14:39.941706,tanh,256,0.1,3.417140299068079e-08,0.8,0.95,0.0018036977421446267,0.8,5,16,small,0.919487335188822,50.643352199999995,,,PRUNED
61,61,,2022-06-26 04:20:39.421846,2022-06-26 04:44:35.339229,0 days 00:23:55.917383,relu,256,0.3,0.028196307423917058,0.99,0.999,0.003836770365261951,0.8,10,16,medium,0.35918901503328693,,,,PRUNED
62,62,82.2761654,2022-06-26 04:22:39.244649,2022-06-26 05:10:50.206076,0 days 00:48:10.961427,relu,32,0.1,6.972096551344771e-06,0.95,0.99,0.00012028702962394122,2.0,10,8,small,0.1431147372277124,82.2761654,,,PRUNED
63,63,81.2772416,2022-06-26 04:28:25.075313,2022-06-26 05:53:47.306342,0 days 01:25:22.231029,relu,8,0.3,0.0015412967985831707,0.8,0.9999,0.019498763635736847,2.0,20,64,medium,0.10155708440845591,81.2772416,,,PRUNED
64,64,,2022-06-26 04:32:06.989003,2022-06-26 04:32:09.313399,0 days 00:00:02.324396,tanh,256,0.3,0.0007276193212705374,0.9,0.995,0.7476242048675074,0.6,10,16,small,0.009300687511881955,,,,PRUNED
65,65,267.6461154,2022-06-26 04:32:09.314410,2022-06-26 04:45:01.136831,0 days 00:12:51.822421,relu,64,0.2,0.016222773600466145,0.95,0.98,0.047416878603222794,0.9,20,512,small,0.5899223874990405,267.6461154,,,PRUNED
66,66,-13.2758748,2022-06-26 04:44:35.339994,2022-06-26 04:52:02.449778,0 days 00:07:27.109784,relu,16,0.3,5.372278950371095e-07,0.92,0.999,0.08208194298117812,1.0,1,16,medium,0.14106380348698888,-13.2758748,,,PRUNED
67,67,,2022-06-26 04:45:01.137469,2022-06-26 04:46:19.448574,0 days 00:01:18.311105,relu,16,0.3,8.353396098669185e-06,0.99,0.99,0.5898267647418093,1.0,20,512,medium,0.0966213306727687,,,,PRUNED
68,68,70.2380796,2022-06-26 04:46:19.449547,2022-06-26 04:55:05.432015,0 days 00:08:45.982468,relu,8,0.4,0.000429827932592874,0.92,0.999,0.03887745255715424,1.0,1,1024,medium,0.9758817149889709,70.2380796,,,PRUNED
69,69,-7.6632812,2022-06-26 04:52:02.450525,2022-06-26 05:38:33.069435,0 days 00:46:30.618910,tanh,256,0.4,0.0005579211580757158,0.98,0.999,0.04647624197151282,0.7,10,8,small,0.40476279098560214,-7.6632812,,,PRUNED
70,70,-7.7710998,2022-06-26 04:55:05.432706,2022-06-26 05:16:46.380873,0 days 00:21:40.948167,tanh,32,0.2,0.00018571089010588305,0.99,0.95,0.11544336690678676,1.0,10,16,medium,0.9580259763839543,-7.7710998,,,PRUNED
71,71,79.1905142,2022-06-26 05:10:50.206720,2022-06-26 05:27:49.235301,0 days 00:16:59.028581,relu,128,0.4,2.2749893036042586e-07,0.95,0.9,3.979088231239331e-05,2.0,10,32,medium,0.6346963638546105,79.1905142,,,PRUNED
72,72,88.40291380000001,2022-06-26 05:16:46.381431,2022-06-26 05:26:31.058698,0 days 00:09:44.677267,tanh,32,0.4,1.6798454558007693e-07,0.9,0.999,0.03413908535464716,0.3,5,128,medium,0.8320074309067239,88.40291380000001,,,PRUNED
73,73,433.8325978,2022-06-26 05:26:31.059294,2022-06-26 05:59:06.005735,0 days 00:32:34.946441,tanh,128,0.3,1.1463972788600179e-05,0.92,0.999,0.002460070703487101,2.0,10,1024,medium,0.046779495643854085,564.5024483999999,433.8325978,,PRUNED
74,74,276.10868059999996,2022-06-26 05:27:49.236316,2022-06-26 05:39:20.374456,0 days 00:11:31.138140,tanh,32,0.4,1.1063684379072107e-06,0.98,0.95,0.00041209584556029476,1.0,5,128,medium,0.7341638379451662,276.10868059999996,,,PRUNED
75,75,-12.130627800000001,2022-06-26 05:38:33.070388,2022-06-26 06:08:14.184772,0 days 00:29:41.114384,tanh,16,0.2,1.1414784023179269e-08,0.9,0.999,0.04429696467386677,1.0,10,64,medium,0.5035568923334198,-12.130627800000001,,,PRUNED
76,76,291.2122804,2022-06-26 05:39:20.375106,2022-06-26 05:48:40.590574,0 days 00:09:20.215468,relu,64,0.3,2.917618167155212e-08,1.0,0.999,1.3105255143992303e-05,2.0,5,64,medium,0.5265965799029996,291.2122804,,,PRUNED
77,77,176.98132219999997,2022-06-26 05:48:40.591150,2022-06-26 05:57:47.427976,0 days 00:09:06.836826,tanh,256,0.1,0.00011396365098592686,0.95,0.98,8.966633981080552e-05,0.7,20,512,small,0.4714731781165023,176.98132219999997,,,PRUNED
78,78,348.51464840000006,2022-06-26 05:53:47.307831,2022-06-26 06:10:42.966530,0 days 00:16:55.658699,relu,32,0.2,0.000542818543116083,0.99,0.98,5.4336592851521926e-05,0.8,10,1024,small,0.7422223064409528,348.51464840000006,,,PRUNED
79,79,-12.945406199999999,2022-06-26 05:57:47.428639,2022-06-26 06:29:40.062467,0 days 00:31:52.633828,relu,8,0.3,0.0002603257414217968,0.9,0.98,0.012080784987809224,0.9,5,16,small,0.05670481784545368,-12.945406199999999,,,PRUNED
80,80,601.7834872,2022-06-26 05:59:06.006703,2022-06-26 08:38:54.858015,0 days 02:39:48.851312,tanh,64,0.4,6.840047128974053e-08,0.9,0.995,1.3826601061602999e-05,0.9,10,1024,medium,0.9272562140948477,1012.6920828,917.948479,601.7834872,PRUNED
81,81,169.78800940000002,2022-06-26 06:08:14.185368,2022-06-26 06:18:55.775005,0 days 00:10:41.589637,tanh,64,0.3,1.9416634946758322e-07,0.98,0.99,1.6460357359610438e-05,0.3,5,64,medium,0.25886200315484087,169.78800940000002,,,PRUNED
82,82,-6.9879266,2022-06-26 06:10:42.967213,2022-06-26 06:21:23.015585,0 days 00:10:40.048372,relu,256,0.2,4.454457785405542e-06,0.9,0.9,0.0761952216604344,0.8,5,64,small,0.629217307891541,-6.9879266,,,PRUNED
83,83,,2022-06-26 06:18:55.775661,2022-06-26 06:20:08.716046,0 days 00:01:12.940385,relu,32,0.4,0.00028012828829153814,0.92,0.95,0.4139630861249371,0.9,1,512,medium,0.48781036645089054,,,,PRUNED
84,84,1143.4887248,2022-06-26 06:20:08.716703,2022-06-26 19:10:35.013310,0 days 12:50:26.296607,tanh,8,0.2,3.517833288216012e-07,0.8,0.999,0.0010397243821415202,0.7,10,2048,small,0.9631652848833359,943.6207392,1257.1969332,1143.4887248,PRUNED
85,85,330.7795826,2022-06-26 06:21:23.016309,2022-06-26 06:31:57.473393,0 days 00:10:34.457084,relu,64,0.1,0.039420026298611195,0.95,0.98,6.668487092821746e-05,0.9,10,256,medium,0.968107607488833,330.7795826,,,PRUNED
86,86,336.7117106,2022-06-26 06:29:40.063119,2022-06-26 07:17:55.735930,0 days 00:48:15.672811,relu,8,0.1,1.5913694395601303e-06,1.0,0.95,0.012004714023818325,2.0,10,16,medium,0.09988710898083254,336.7117106,,,PRUNED
87,87,,2022-06-26 06:31:57.473986,2022-06-26 06:46:07.403837,0 days 00:14:09.929851,tanh,512,0.2,0.00042426090593575803,0.92,0.9999,0.13388147955870722,0.9,10,32,medium,0.9697377934212406,,,,PRUNED
88,88,29.2374448,2022-06-26 06:46:07.404710,2022-06-26 07:28:11.882010,0 days 00:42:04.477300,tanh,16,0.3,4.053472833019682e-08,0.99,0.999,0.0001938840145457938,0.9,20,64,small,0.1562462406665438,29.2374448,,,PRUNED
89,89,199.50181740000002,2022-06-26 07:17:55.736533,2022-06-26 07:45:13.911583,0 days 00:27:18.175050,relu,8,0.2,0.0010121658289269733,0.92,0.9999,0.0005743502252746948,2.0,5,256,small,0.4125081097850298,199.50181740000002,,,PRUNED
90,90,90.7189074,2022-06-26 07:28:11.882764,2022-06-26 07:42:48.121148,0 days 00:14:36.238384,relu,64,0.2,0.009160421783868769,0.9,0.99,4.805221190038647e-05,1.0,5,16,medium,0.572789089910759,90.7189074,,,PRUNED
91,91,46.551510799999996,2022-06-26 07:42:48.121796,2022-06-26 07:49:12.486095,0 days 00:06:24.364299,tanh,128,0.2,5.052904711108472e-05,0.98,0.995,0.1017133835249096,0.5,1,512,small,0.9346460781685927,46.551510799999996,,,PRUNED
92,92,177.5729678,2022-06-26 07:45:13.912138,2022-06-26 07:57:34.165729,0 days 00:12:20.253591,tanh,8,0.2,3.642722726258061e-08,0.95,0.98,1.8882512765011847e-05,2.0,1,256,small,0.6433055707632838,177.5729678,,,PRUNED
93,93,18.5790772,2022-06-26 07:49:12.486723,2022-06-26 07:58:10.927724,0 days 00:08:58.441001,relu,256,0.4,0.028447558234541037,0.8,0.98,0.00570805404735022,0.6,1,16,small,0.41570376581648555,18.5790772,,,PRUNED
94,94,-6.6789338,2022-06-26 07:57:34.166377,2022-06-26 08:25:12.853001,0 days 00:27:38.686624,relu,8,0.3,4.424789715602526e-07,0.9,0.995,0.07171199455673996,0.8,5,512,medium,0.12568459648337493,-6.6789338,,,PRUNED
95,95,188.5378804,2022-06-26 07:58:10.928318,2022-06-26 08:13:09.882176,0 days 00:14:58.953858,relu,64,0.3,2.2357735349818934e-07,0.9,0.95,0.0005783088594284964,0.7,20,64,small,0.7673814081596063,188.5378804,,,PRUNED
96,96,90.2288962,2022-06-26 08:13:09.882809,2022-06-26 08:23:09.173827,0 days 00:09:59.291018,relu,128,0.2,0.004575847803189623,0.95,0.9,4.034383680173828e-05,0.5,20,512,small,0.00956060170762807,90.2288962,,,PRUNED
97,97,22.706862199999996,2022-06-26 08:23:09.174405,2022-06-26 09:45:46.566135,0 days 01:22:37.391730,tanh,8,0.3,0.026074171686293474,0.98,0.999,0.0006617757081372944,2.0,20,32,medium,0.1803829721471787,22.706862199999996,,,PRUNED
98,98,452.3968226,2022-06-26 08:25:12.853672,2022-06-26 09:27:59.954273,0 days 01:02:47.100601,relu,16,0.3,0.004743416253531886,0.95,0.9,0.00013174827515924402,1.0,5,256,small,0.6173286025752963,414.6772968,452.3968226,,PRUNED
99,99,193.350825,2022-06-26 08:38:54.858728,2022-06-26 08:44:24.144624,0 days 00:05:29.285896,tanh,64,0.4,1.0115722148167723e-06,0.98,0.99,0.00031512308432717946,0.9,1,256,small,0.519120267936684,193.350825,,,PRUNED
100,100,395.16219040000004,2022-06-26 08:44:24.145979,2022-06-26 09:22:11.027919,0 days 00:37:46.881940,tanh,32,0.2,2.798269459840771e-05,0.95,0.98,0.00028386404534485536,0.9,5,64,small,0.246398682882119,375.9026,395.16219040000004,,PRUNED
101,101,312.6248064,2022-06-26 09:22:11.028684,2022-06-26 09:37:33.417047,0 days 00:15:22.388363,tanh,32,0.1,3.332279636488531e-08,0.98,0.99,0.002018618265014371,2.0,10,512,small,0.26672406816306504,312.6248064,,,PRUNED
102,102,,2022-06-26 09:27:59.955011,2022-06-26 09:28:04.243747,0 days 00:00:04.288736,relu,32,0.1,0.015104425089912795,0.95,0.98,0.7134605253250007,0.8,5,128,medium,0.16153204863528248,,,,PRUNED
103,103,144.250151,2022-06-26 09:28:04.244349,2022-06-26 09:33:32.401016,0 days 00:05:28.156667,relu,128,0.3,5.71893529676818e-06,0.92,0.999,0.00471851105357231,0.3,1,128,small,0.35336822571758264,144.250151,,,PRUNED
104,104,314.8677495999999,2022-06-26 09:33:32.401577,2022-06-26 09:40:06.905365,0 days 00:06:34.503788,tanh,256,0.3,0.003957445078540921,0.99,0.995,0.00010934830109298569,0.6,5,128,medium,0.2319691551024026,314.8677495999999,,,PRUNED
105,105,188.0715042,2022-06-26 09:37:33.417613,2022-06-26 10:07:50.806417,0 days 00:30:17.388804,tanh,16,0.2,5.1626449795621326e-08,0.98,0.9999,4.782223815601573e-05,0.6,10,32,medium,0.5425097700361604,188.0715042,,,PRUNED
106,106,54.4378234,2022-06-26 09:40:06.906086,2022-06-26 09:48:19.805253,0 days 00:08:12.899167,tanh,128,0.4,5.193367402271195e-07,0.98,0.995,0.0009420444442198137,0.7,10,256,medium,0.2565122751901052,54.4378234,,,PRUNED
107,107,146.2547466,2022-06-26 09:45:46.566894,2022-06-26 09:53:05.905767,0 days 00:07:19.338873,tanh,128,0.4,1.4103824537361934e-07,0.99,0.99,0.0007306719160678884,2.0,5,256,small,0.6111830379468445,146.2547466,,,PRUNED
108,108,,2022-06-26 09:48:19.805975,2022-06-26 09:55:53.566046,0 days 00:07:33.760071,tanh,128,0.1,3.11065950675779e-06,0.98,0.999,0.6574814763613885,0.9,20,512,medium,0.4532114788481894,,,,PRUNED
109,109,35.759144,2022-06-26 09:53:05.906373,2022-06-26 10:03:01.219215,0 days 00:09:55.312842,relu,256,0.2,0.0009692796333823176,0.92,0.98,0.12512583588571605,0.5,5,64,medium,0.40339125814866855,35.759144,,,PRUNED
110,110,2986.3579862,2022-06-26 09:55:53.566760,2022-06-26 11:58:21.104814,0 days 02:02:27.538054,relu,512,0.3,4.067455196342492e-07,0.92,0.99,0.0023670484105372275,1.0,1,2048,small,0.7524202825657651,1007.1772586000001,1799.2468903999998,2607.7054500000004,COMPLETE
111,111,-13.2704868,2022-06-26 10:03:01.220031,2022-06-26 10:22:49.517698,0 days 00:19:48.297667,tanh,16,0.2,2.510695810347581e-07,0.95,0.99,0.008559774129311257,0.7,5,1024,medium,0.9388766024546851,-13.2704868,,,PRUNED
112,112,89.81519420000001,2022-06-26 10:07:50.807249,2022-06-26 10:18:09.961518,0 days 00:10:19.154269,tanh,256,0.2,2.0580121923523e-05,0.8,0.99,0.0010705892396558059,1.0,1,16,medium,0.551853619795598,89.81519420000001,,,PRUNED
113,113,12.3851632,2022-06-26 10:18:09.962814,2022-06-26 10:37:50.935698,0 days 00:19:40.972884,relu,16,0.3,0.0014127303561776098,0.8,0.999,0.09222511163136772,0.7,5,64,medium,0.31399052530049465,12.3851632,,,PRUNED
114,114,150.19595619999998,2022-06-26 10:22:49.518379,2022-06-26 10:41:57.275268,0 days 00:19:07.756889,relu,16,0.2,3.515932090042085e-07,0.95,0.999,1.999601269217296e-05,2.0,5,64,small,0.29264889389516635,150.19595619999998,,,PRUNED
115,115,4.9596978,2022-06-26 10:37:50.936397,2022-06-26 11:08:45.711391,0 days 00:30:54.774994,relu,16,0.3,0.00028531496293417613,1.0,0.95,0.06986207258936405,5.0,10,64,small,0.4098434837637555,4.9596978,,,PRUNED
116,116,127.86553180000001,2022-06-26 10:41:57.276862,2022-06-26 11:58:08.406376,0 days 01:16:11.129514,relu,32,0.3,0.009974977345434585,0.9,0.9999,6.77786318276609e-05,0.5,10,128,small,0.12959698484365512,991.5579191999999,127.86553180000001,,PRUNED
117,117,612.8706484,2022-06-26 11:08:45.712489,2022-06-26 12:23:55.645746,0 days 01:15:09.933257,relu,16,0.2,0.00742161219059166,0.9,0.98,0.00011701262688430515,2.0,5,32,small,0.6333068201638998,452.545712,612.8706484,,PRUNED
118,118,,2022-06-26 11:58:08.407029,2022-06-26 11:59:38.189343,0 days 00:01:29.782314,relu,32,0.1,3.287356393975516e-05,0.9,0.9,0.3620742212518881,0.9,5,32,medium,0.9180532349758996,,,,PRUNED
119,119,4188.9002992000005,2022-06-26 11:58:21.106092,2022-06-26 17:16:41.726522,0 days 05:18:20.620430,tanh,16,0.1,5.36900147491372e-06,0.9,0.99,0.00036454427481625315,0.3,5,1024,small,0.38097647146233266,378.3795162,2659.9090544,4914.0511234,COMPLETE
120,120,94.6482882,2022-06-26 11:59:38.190188,2022-06-26 12:15:28.589531,0 days 00:15:50.399343,tanh,16,0.4,0.04495042759556246,0.95,0.95,0.00035970538784427567,1.0,5,16,small,0.017634859610877518,94.6482882,,,PRUNED
121,121,92.0667104,2022-06-26 12:15:28.590234,2022-06-26 12:25:06.611407,0 days 00:09:38.021173,tanh,8,0.4,3.3771556004786095e-05,0.95,0.999,0.01736842208770241,0.7,1,64,medium,0.018846371207257517,92.0667104,,,PRUNED
122,122,-6.4627584,2022-06-26 12:23:55.646422,2022-06-26 12:50:44.402243,0 days 00:26:48.755821,relu,128,0.1,2.0425484126254184e-07,0.92,0.9999,0.012971202689269105,1.0,10,16,medium,0.9180646968246168,-6.4627584,,,PRUNED
123,123,-3.2455537999999997,2022-06-26 12:25:06.612054,2022-06-26 12:31:45.913881,0 days 00:06:39.301827,tanh,128,0.2,1.575955972066552e-05,0.92,0.999,0.03132075066351853,0.8,5,1024,medium,0.8106011903273446,-3.2455537999999997,,,PRUNED
124,124,231.29868419999997,2022-06-26 12:31:45.914501,2022-06-26 12:41:42.534603,0 days 00:09:56.620102,tanh,128,0.3,0.0012682145774173994,0.98,0.98,0.000543890261913444,0.7,20,512,small,0.8418877377854709,231.29868419999997,,,PRUNED
125,125,77.3516582,2022-06-26 12:41:42.535160,2022-06-26 12:57:00.220786,0 days 00:15:17.685626,relu,16,0.2,0.07696922556563454,0.92,0.95,0.007682375968577101,0.5,5,2048,small,0.816396394208572,77.3516582,,,PRUNED
126,126,69.7799222,2022-06-26 12:50:44.402917,2022-06-26 12:57:25.008046,0 days 00:06:40.605129,relu,32,0.3,1.6324105565706103e-08,0.98,0.95,5.058197573295444e-05,0.9,1,32,small,0.9631185115030311,69.7799222,,,PRUNED
127,127,,2022-06-26 12:57:00.221465,2022-06-26 12:57:31.655744,0 days 00:00:31.434279,tanh,32,0.3,9.773937481370361e-05,0.92,0.9999,0.5775910071635264,0.7,5,64,small,0.016466331122577782,,,,PRUNED
128,128,753.6701028,2022-06-26 12:57:25.008659,2022-06-26 13:54:40.652781,0 days 00:57:15.644122,tanh,64,0.3,0.0034212870315036507,0.95,0.98,1.4582242546851498e-05,2.0,20,1024,medium,0.9071487478893125,430.59925920000006,753.6701028,,PRUNED
129,129,-14.099371200000002,2022-06-26 12:57:31.656362,2022-06-26 13:20:44.864786,0 days 00:23:13.208424,tanh,128,0.4,2.1240151645306375e-07,0.95,0.999,0.0006676587878081408,1.0,20,32,small,0.4274433011820898,-14.099371200000002,,,PRUNED
130,130,136.4244224,2022-06-26 13:20:44.865448,2022-06-26 13:31:05.119382,0 days 00:10:20.253934,relu,256,0.2,0.005222721840633107,0.92,0.95,1.0559795523055416e-05,1.0,5,32,medium,0.7623156931306964,136.4244224,,,PRUNED
131,131,326.6412246,2022-06-26 13:31:05.120006,2022-06-26 14:47:38.587072,0 days 01:16:33.467066,tanh,8,0.1,1.8270906432256568e-07,0.8,0.95,1.105874497266092e-05,5.0,20,256,small,0.706619330715218,326.6412246,,,PRUNED
132,132,334.9217642,2022-06-26 13:54:40.654730,2022-06-26 14:01:52.777113,0 days 00:07:12.122383,relu,128,0.3,1.8492629949936167e-06,1.0,0.995,1.0260027790202445e-05,0.7,10,2048,medium,0.43186098433653913,334.9217642,,,PRUNED
133,133,-13.118807200000001,2022-06-26 14:01:52.777921,2022-06-26 14:15:15.321447,0 days 00:13:22.543526,relu,16,0.2,1.1030453211577298e-07,0.99,0.99,0.15894654721223372,0.9,5,512,small,0.7591495443365673,-13.118807200000001,,,PRUNED
134,134,,2022-06-26 14:15:15.322051,2022-06-26 14:15:52.618515,0 days 00:00:37.296464,tanh,512,0.2,0.001416358951342163,0.9,0.98,0.3967617684362565,0.9,20,16,medium,0.2775411997018833,,,,PRUNED
135,135,,2022-06-26 14:15:52.619454,2022-06-26 14:16:45.439511,0 days 00:00:52.820057,relu,32,0.2,1.9609592540185336e-05,0.92,0.99,0.4887390054732702,0.9,10,256,small,0.3126292881962829,,,,PRUNED
136,136,,2022-06-26 14:16:45.440215,2022-06-26 14:20:02.274266,0 days 00:03:16.834051,relu,256,0.2,7.209321140517371e-05,0.99,0.95,0.2868717044953017,0.7,5,512,small,0.821628370317437,,,,PRUNED
137,137,58.55761640000001,2022-06-26 14:20:02.275141,2022-06-26 14:25:41.105886,0 days 00:05:38.830745,tanh,512,0.1,0.003041505080915701,0.92,0.95,0.056097278201483004,0.8,10,512,small,0.1647455677657802,58.55761640000001,,,PRUNED
138,138,-5.7468776,2022-06-26 14:25:41.106493,2022-06-26 14:31:21.713453,0 days 00:05:40.606960,tanh,256,0.4,9.309823173937691e-08,0.9,0.995,0.29591066248585446,2.0,5,256,small,0.5982266130421516,-5.7468776,,,PRUNED
139,139,27.3678084,2022-06-26 14:31:21.714035,2022-06-26 15:10:58.653312,0 days 00:39:36.939277,tanh,8,0.3,3.9889173662379555e-07,0.92,0.98,0.003927515698323086,2.0,10,128,small,0.6276709643723598,27.3678084,,,PRUNED
140,140,338.8055316,2022-06-26 14:47:38.587760,2022-06-26 17:39:36.341057,0 days 02:51:57.753297,relu,128,0.1,1.7494590753096966e-07,0.8,0.9,0.0006237474563255565,0.9,20,16,small,0.7191688214132574,368.93609660000004,338.8055316,,PRUNED
141,141,543.7198502,2022-06-26 15:10:58.653909,2022-06-26 15:37:01.148995,0 days 00:26:02.495086,tanh,256,0.3,1.2438926255804469e-08,0.92,0.95,0.0011161696886099548,0.7,10,512,small,0.295172561150881,495.81207700000004,543.7198502,,PRUNED
142,142,327.33890140000005,2022-06-26 15:37:01.149654,2022-06-26 15:51:37.671510,0 days 00:14:36.521856,tanh,64,0.1,0.007913813532471298,0.92,0.99,0.004377621509428656,0.8,20,256,small,0.12136089863752765,327.33890140000005,,,PRUNED
143,143,94.6642868,2022-06-26 15:51:37.672410,2022-06-26 15:57:20.104489,0 days 00:05:42.432079,tanh,256,0.1,0.02255307853986746,0.95,0.99,0.025225307099941568,5.0,1,128,small,0.11277903613024699,94.6642868,,,PRUNED
144,144,97.2059926,2022-06-26 15:57:20.105846,2022-06-26 16:12:18.265647,0 days 00:14:58.159801,relu,32,0.3,0.03176077518964777,1.0,0.995,2.0615561057960536e-05,0.6,10,128,small,0.5027288961786476,97.2059926,,,PRUNED
145,145,527.5608084,2022-06-26 16:12:18.266523,2022-06-26 17:12:16.515320,0 days 00:59:58.248797,tanh,32,0.4,0.0010837359810890916,0.92,0.9,0.0001300675245193972,0.3,10,128,small,0.038793089433924455,542.4936516,527.5608084,,PRUNED
146,146,415.63781259999996,2022-06-26 17:12:16.516708,2022-06-26 20:19:27.101738,0 days 03:07:10.585030,relu,16,0.3,0.02268146467411154,1.0,0.99,2.3973830044600882e-05,0.7,20,32,small,0.21417082506519283,592.7093918,415.63781259999996,,PRUNED
147,147,-7.456139,2022-06-26 17:16:41.728559,2022-06-26 17:24:07.512579,0 days 00:07:25.784020,tanh,64,0.3,5.35161437485538e-05,0.95,0.999,0.02849371654152255,0.3,5,2048,medium,0.8503579795792331,-7.456139,,,PRUNED
148,148,,2022-06-26 17:24:07.513444,2022-06-26 17:29:30.169043,0 days 00:05:22.655599,tanh,512,0.4,2.2805021112780544e-06,0.9,0.95,0.5533984203022414,0.9,20,256,small,0.557629954157811,,,,PRUNED
149,149,17.4865334,2022-06-26 17:29:30.169855,2022-06-26 17:35:52.417358,0 days 00:06:22.247503,relu,128,0.2,3.2887339078288663e-07,0.98,0.95,0.8812871987349591,1.0,5,128,small,0.150888321969321,17.4865334,,,PRUNED
150,150,305.6134006,2022-06-26 17:35:52.418003,2022-06-26 17:43:31.747261,0 days 00:07:39.329258,relu,128,0.1,0.0026087462200694955,0.9,0.98,0.0007157993762334228,0.7,10,512,small,0.7745275842797579,305.6134006,,,PRUNED
151,151,38.107416799999996,2022-06-26 17:39:36.341797,2022-06-26 18:02:04.127342,0 days 00:22:27.785545,tanh,8,0.4,7.002860013074967e-07,0.95,0.9999,0.005202504764307987,0.6,5,512,medium,0.07814186190330219,38.107416799999996,,,PRUNED
152,152,311.0644452,2022-06-26 17:43:31.747899,2022-06-26 17:58:56.563871,0 days 00:15:24.815972,relu,32,0.4,3.1835931017621635e-07,0.92,0.9,0.00016186842898283292,0.8,10,128,medium,0.760539642381918,311.0644452,,,PRUNED
153,153,113.72205880000001,2022-06-26 17:58:56.564644,2022-06-26 18:25:14.124700,0 days 00:26:17.560056,tanh,8,0.2,5.415475458935706e-07,0.9,0.98,0.004559675212370497,2.0,5,128,small,0.0025672274230140735,113.72205880000001,,,PRUNED
154,154,101.2285412,2022-06-26 18:02:04.128038,2022-06-26 18:15:04.294167,0 days 00:13:00.166129,tanh,32,0.2,7.236028004777827e-08,0.9,0.9,2.953327207107842e-05,1.0,10,64,small,0.13969248957217528,101.2285412,,,PRUNED
155,155,91.8269792,2022-06-26 18:15:04.295433,2022-06-26 18:24:11.497602,0 days 00:09:07.202169,relu,32,0.3,7.986097036499808e-05,0.98,0.95,0.024594274179124673,0.3,5,512,small,0.6950478761986043,91.8269792,,,PRUNED
156,156,17.092457000000003,2022-06-26 18:24:11.498266,2022-06-26 18:47:14.715371,0 days 00:23:03.217105,tanh,128,0.2,0.007528030992294759,0.92,0.999,1.5946957108312763e-05,2.0,20,32,small,0.7618315329591335,17.092457000000003,,,PRUNED
157,157,-111.34475259999999,2022-06-26 18:25:14.125237,2022-06-26 18:40:38.637531,0 days 00:15:24.512294,relu,32,0.3,7.799200041005376e-07,0.9,0.999,0.05032515534531999,1.0,10,512,medium,0.587784422488928,-111.34475259999999,,,PRUNED
158,158,443.9393264,2022-06-26 18:40:38.638179,2022-06-26 19:07:37.939604,0 days 00:26:59.301425,relu,128,0.1,0.0029708448472964212,0.92,0.95,0.0035624745531646364,0.5,5,1024,small,0.47691454004074346,423.5384016,443.9393264,,PRUNED
159,159,,2022-06-26 18:47:14.715958,2022-06-26 18:48:26.343914,0 days 00:01:11.627956,relu,32,0.3,0.0009332509181312566,1.0,0.98,0.754037146345327,2.0,1,2048,small,0.11682494806259348,,,,PRUNED
160,160,,2022-06-26 18:48:26.344495,2022-06-26 18:48:56.870047,0 days 00:00:30.525552,relu,128,0.3,0.00118399042863959,0.95,0.98,0.26516497855702903,2.0,10,2048,small,0.1402702835109314,,,,PRUNED
161,161,95.48089780000001,2022-06-26 18:48:56.870952,2022-06-26 19:04:56.487951,0 days 00:15:59.616999,tanh,16,0.2,0.00013176008125301386,0.99,0.99,0.0027842120288663996,1.0,5,512,medium,0.7621195924871504,95.48089780000001,,,PRUNED
162,162,178.38209999999998,2022-06-26 19:04:56.488743,2022-06-26 19:13:35.613758,0 days 00:08:39.125015,tanh,16,0.2,2.938487221942262e-07,0.98,0.99,4.782512198063659e-05,1.0,1,512,small,0.2513684673139299,178.38209999999998,,,PRUNED
163,163,93.81462339999999,2022-06-26 19:07:37.940318,2022-06-26 19:20:17.214481,0 days 00:12:39.274163,tanh,32,0.2,2.7890998527560896e-08,0.99,0.995,0.060833779558467686,0.3,5,1024,small,0.5619205286151892,93.81462339999999,,,PRUNED
164,164,-6.1083928,2022-06-26 19:10:35.013895,2022-06-26 19:17:41.707799,0 days 00:07:06.693904,relu,64,0.3,0.0009803662410209524,0.9,0.995,0.15099769008415892,0.5,1,2048,small,0.9025982355491369,-6.1083928,,,PRUNED
165,165,86.5119632,2022-06-26 19:13:35.614369,2022-06-26 19:39:19.364170,0 days 00:25:43.749801,tanh,16,0.3,0.017339523682631468,0.92,0.9,0.0011582606884861786,0.9,10,64,small,0.5815437785029004,86.5119632,,,PRUNED
166,166,,2022-06-26 19:17:41.709040,2022-06-26 19:20:11.674670,0 days 00:02:29.965630,tanh,64,0.4,7.294556994419945e-07,1.0,0.999,0.8843881571609684,0.7,20,64,medium,0.7149467273071411,,,,PRUNED
167,167,,2022-06-26 19:20:11.675421,2022-06-26 19:29:54.586912,0 days 00:09:42.911491,relu,64,0.3,0.004758059894920787,0.98,0.98,0.1114317584355733,1.0,5,8,small,0.6296598282934032,,,,PRUNED
168,168,797.0402413999999,2022-06-26 19:20:17.215147,2022-06-26 20:18:33.313887,0 days 00:58:16.098740,relu,16,0.2,4.5321378913074505e-08,1.0,0.99,8.141961103099082e-05,0.5,5,1024,medium,0.5266549915708789,339.66003820000003,797.0402413999999,,PRUNED
169,169,0.8327774000000001,2022-06-26 19:29:54.587683,2022-06-26 19:40:19.913065,0 days 00:10:25.325382,relu,32,0.3,0.00021776587263900408,0.98,0.995,0.0005576877722321197,2.0,5,32,medium,0.19602176135202468,0.8327774000000001,,,PRUNED
170,170,270.6232608,2022-06-26 19:39:19.364844,2022-06-26 21:15:53.044906,0 days 01:36:33.680062,relu,256,0.3,1.4728248965726574e-06,0.95,0.995,1.9924878853329312e-05,0.3,10,256,medium,0.787777904922707,370.4215734,1002.3993634000001,270.6232608,PRUNED
171,171,88.4634822,2022-06-26 19:40:19.913780,2022-06-26 20:02:51.834811,0 days 00:22:31.921031,tanh,128,0.4,0.08277308951323233,0.9,0.9,0.0004143346774359158,0.7,5,8,small,0.8595338158298589,88.4634822,,,PRUNED
172,172,,2022-06-26 20:02:51.835349,2022-06-26 20:05:48.504552,0 days 00:02:56.669203,tanh,256,0.2,4.282876675277873e-05,0.9,0.995,0.4233591321444679,0.6,5,128,small,0.0823851495877641,,,,PRUNED
173,173,-4.105458199999999,2022-06-26 20:05:48.505243,2022-06-26 21:32:47.828843,0 days 01:26:59.323600,tanh,16,0.3,1.2679571925080739e-08,0.92,0.98,0.009392810764014168,0.7,20,8,small,0.9479593020192483,-4.105458199999999,,,PRUNED
174,174,9.379990799999998,2022-06-26 20:18:33.314565,2022-06-26 20:46:10.013459,0 days 00:27:36.698894,tanh,256,0.2,1.5252028080868977e-05,0.9,0.999,0.0010814819335334,0.7,5,512,medium,0.4098150184705907,1002.0519836,9.379990799999998,,PRUNED
175,175,192.8509926,2022-06-26 20:19:27.102351,2022-06-26 20:26:58.461115,0 days 00:07:31.358764,relu,256,0.1,0.009240218701951804,0.98,0.99,0.015542820132114903,1.0,10,2048,medium,0.1327721086030954,192.8509926,,,PRUNED
176,176,551.865133,2022-06-26 20:26:58.461831,2022-06-26 20:56:41.429116,0 days 00:29:42.967285,tanh,512,0.4,0.023263230803810896,0.92,0.95,0.00011920557928848374,0.6,5,128,medium,0.3887733750412388,393.00523119999997,551.865133,,PRUNED
177,177,177.95023120000002,2022-06-26 20:46:10.014599,2022-06-26 21:02:08.555835,0 days 00:15:58.541236,relu,16,0.2,5.456221392656105e-07,0.92,0.995,0.004097580746098403,2.0,5,128,medium,0.14431923551576398,177.95023120000002,,,PRUNED
178,178,,2022-06-26 20:56:41.429764,2022-06-26 20:57:14.948779,0 days 00:00:33.519015,relu,32,0.3,2.4215579283556542e-05,0.9,0.95,0.13839241827012672,0.9,10,16,medium,0.8680304473220231,,,,PRUNED
179,179,275.1356612,2022-06-26 20:57:14.949820,2022-06-26 21:23:11.169586,0 days 00:25:56.219766,tanh,16,0.1,0.008960660265177552,0.95,0.9999,0.0006612571230591866,0.6,5,8,small,0.45168046173781523,275.1356612,,,PRUNED
180,180,5.646482799999999,2022-06-26 21:02:08.556474,2022-06-26 21:27:27.156313,0 days 00:25:18.599839,relu,256,0.2,4.047638366569786e-06,0.99,0.999,0.00025708018282286397,1.0,10,512,small,0.10660882880696411,946.6683876,5.646482799999999,,PRUNED
181,181,128.8146686,2022-06-26 21:15:53.045685,2022-06-26 21:21:20.233409,0 days 00:05:27.187724,relu,256,0.4,0.0055508391993687,0.95,0.95,0.03542041242073576,2.0,5,1024,medium,0.633184718448652,128.8146686,,,PRUNED
182,182,-5.0559488,2022-06-26 21:21:20.234167,2022-06-26 21:31:30.683868,0 days 00:10:10.449701,tanh,128,0.2,9.331327530560679e-08,0.95,0.995,0.048157993670936504,2.0,10,64,medium,0.7460699399484463,-5.0559488,,,PRUNED
183,183,-1.5216828000000002,2022-06-26 21:23:11.170198,2022-06-26 21:39:08.456026,0 days 00:15:57.285828,tanh,32,0.2,3.3221842327858294e-05,0.98,0.99,0.0024071378248449577,0.5,5,16,small,0.4350614721140413,-1.5216828000000002,,,PRUNED
184,184,93.6212396,2022-06-26 21:27:27.156866,2022-06-26 21:37:31.816006,0 days 00:10:04.659140,relu,16,0.3,4.353283389505889e-05,0.98,0.95,9.34618649909008e-05,0.6,1,8,small,0.6655944614667968,93.6212396,,,PRUNED
185,185,99.24022160000001,2022-06-26 21:31:30.684561,2022-06-26 22:13:23.283262,0 days 00:41:52.598701,tanh,16,0.3,0.0006665657000282137,0.98,0.9,0.003658031515918922,0.5,20,1024,small,0.6891133673718058,99.24022160000001,,,PRUNED
186,186,82.76747719999999,2022-06-26 21:32:47.829633,2022-06-26 21:39:04.583536,0 days 00:06:16.753903,relu,32,0.1,0.002743916831327765,0.95,0.99,0.03558031460752822,0.6,1,128,small,0.06794271958317533,82.76747719999999,,,PRUNED
187,187,2146.2022962,2022-06-26 21:37:31.816603,2022-06-26 23:39:02.431560,0 days 02:01:30.614957,relu,16,0.1,0.00290896863630304,0.95,0.999,0.0012542690615826473,0.9,1,256,small,0.02249562055038712,973.4498326,924.1213058,2146.2022962,PRUNED
188,188,,2022-06-26 21:39:04.584119,2022-06-26 21:58:31.019293,0 days 00:19:26.435174,relu,512,0.3,0.008770861181999266,0.98,0.995,0.018473487442583536,0.6,10,16,small,0.002217757506637996,,,,PRUNED
189,189,307.891665,2022-06-26 21:39:08.456603,2022-06-26 21:48:16.901557,0 days 00:09:08.444954,tanh,128,0.1,4.984602815742431e-08,0.99,0.99,0.00015535009192219485,0.7,20,512,medium,0.7068058377201322,307.891665,,,PRUNED
190,190,,2022-06-26 21:48:16.902183,2022-06-26 21:52:34.166349,0 days 00:04:17.264166,relu,256,0.2,2.0776985133255386e-05,0.9,0.9999,0.13674215347482982,0.5,10,2048,medium,0.10805104233185726,,,,PRUNED
191,191,273.6105276,2022-06-26 21:52:34.167170,2022-06-26 21:57:56.941880,0 days 00:05:22.774710,relu,64,0.2,4.356105186547958e-06,0.98,0.98,7.15065891780854e-05,0.9,1,256,medium,0.03411503986048836,273.6105276,,,PRUNED
192,192,49.477211,2022-06-26 21:57:56.942604,2022-06-26 22:12:00.343608,0 days 00:14:03.401004,relu,16,0.2,0.0007078164966104742,0.95,0.99,0.002906495417105216,1.0,5,16,small,0.05831710005065661,49.477211,,,PRUNED
193,193,241.0761858,2022-06-26 21:58:31.020342,2022-06-26 22:21:14.723075,0 days 00:22:43.702733,relu,16,0.4,0.00023700268771536517,0.99,0.95,0.0001821823830267139,0.6,10,1024,small,0.8573872922094921,241.0761858,,,PRUNED
194,194,93.1249986,2022-06-26 22:12:00.344917,2022-06-26 22:27:49.191311,0 days 00:15:48.846394,tanh,32,0.3,0.00014296902927658455,0.92,0.999,0.009357698153164328,0.5,10,128,small,0.06221377234900594,93.1249986,,,PRUNED
195,195,,2022-06-26 22:13:23.283866,2022-06-26 22:14:32.641783,0 days 00:01:09.357917,relu,256,0.2,4.990503144560337e-06,0.95,0.995,0.1591213560471158,0.6,20,64,small,0.8051779046902009,,,,PRUNED
196,196,-4.7631128,2022-06-26 22:14:32.642676,2022-06-26 22:22:08.332889,0 days 00:07:35.690213,relu,128,0.1,8.545672429216041e-07,0.99,0.9999,0.5615140346648606,0.9,10,512,small,0.9521059938553874,-4.7631128,,,PRUNED
197,197,256.93959159999997,2022-06-26 22:21:14.723693,2022-06-26 23:28:10.869445,0 days 01:06:56.145752,tanh,16,0.2,0.0007883087101328773,0.8,0.95,7.689243049485959e-05,0.5,5,1024,small,0.24023777305164964,429.2839296,256.93959159999997,,PRUNED
198,198,97.2500984,2022-06-26 22:22:08.333795,2022-06-26 22:28:52.641501,0 days 00:06:44.307706,relu,256,0.4,0.009628820886855523,0.9,0.999,0.07244847534015365,0.8,10,256,small,0.94602947047653,97.2500984,,,PRUNED
199,199,308.3163062,2022-06-26 22:27:49.191995,2022-06-26 22:57:16.245250,0 days 00:29:27.053255,relu,16,0.2,8.939437079657951e-08,0.9,0.9,0.0001877718513873613,0.9,10,256,small,0.3796863625708173,308.3163062,,,PRUNED
200,200,85.85965499999999,2022-06-26 22:28:52.642298,2022-06-26 22:36:18.097709,0 days 00:07:25.455411,tanh,512,0.2,0.008241410547773869,0.99,0.999,0.04846941276034242,0.3,10,1024,small,0.31259236434900206,85.85965499999999,,,PRUNED
201,201,-37.6027754,2022-06-26 22:36:18.098351,2022-06-26 23:27:27.636815,0 days 00:51:09.538464,relu,64,0.2,1.385410904486214e-06,0.98,0.9999,9.036750846628004e-05,0.3,20,16,medium,0.9710532499607386,-37.6027754,,,PRUNED
202,202,1933.5873180000003,2022-06-26 22:57:16.245818,2022-06-27 03:40:31.284567,0 days 04:43:15.038749,relu,16,0.2,4.9760891538596486e-05,0.98,0.995,0.0006323133661073616,0.7,5,2048,medium,0.8205859677719959,989.3557564,1246.8921368,1933.5873180000003,PRUNED
203,203,52.159758999999994,2022-06-26 23:27:27.637403,2022-06-26 23:39:33.475871,0 days 00:12:05.838468,tanh,128,0.3,7.519470710829092e-05,0.92,0.9,0.12671298085312502,1.0,20,2048,medium,0.7214582839033719,52.159758999999994,,,PRUNED
204,204,235.781811,2022-06-26 23:28:10.870082,2022-06-26 23:57:40.122986,0 days 00:29:29.252904,relu,16,0.2,0.07901173189603616,0.95,0.9999,0.0009210043028735161,0.6,10,1024,small,0.7987547329308646,235.781811,,,PRUNED
205,205,82.7380808,2022-06-26 23:39:02.432288,2022-06-26 23:47:27.938869,0 days 00:08:25.506581,relu,128,0.2,2.2600093668426636e-05,1.0,0.995,3.021301764825956e-05,1.0,5,1024,medium,0.966130873828972,82.7380808,,,PRUNED
206,206,,2022-06-26 23:39:33.476412,2022-06-26 23:40:32.270452,0 days 00:00:58.794040,relu,16,0.2,8.330059601810232e-05,0.99,0.9,0.07406448449997102,2.0,10,128,medium,0.4917377128638338,,,,PRUNED
207,207,-20.456358799999997,2022-06-26 23:40:32.271253,2022-06-26 23:47:44.895535,0 days 00:07:12.624282,relu,512,0.4,3.6468795459073185e-07,0.92,0.995,0.13804797402306157,2.0,5,1024,medium,0.6551193233245943,-20.456358799999997,,,PRUNED
208,208,238.74636759999999,2022-06-26 23:47:27.939592,2022-06-26 23:59:01.182719,0 days 00:11:33.243127,relu,32,0.1,2.109362016558118e-07,0.92,0.999,0.00041996149699367663,0.8,5,128,medium,0.5128989861216307,238.74636759999999,,,PRUNED
209,209,-18.795526000000002,2022-06-26 23:47:44.896398,2022-06-27 00:14:56.651818,0 days 00:27:11.755420,relu,256,0.2,1.3212990152650541e-08,0.99,0.999,0.25417451151587156,0.9,5,8,medium,0.8323664770924444,-18.795526000000002,,,PRUNED
210,210,10.322806199999999,2022-06-26 23:57:40.123657,2022-06-27 00:07:37.161195,0 days 00:09:57.037538,tanh,64,0.2,2.9461480093657268e-05,0.99,0.999,0.0007140259933472753,0.5,5,32,medium,0.21065632283732896,10.322806199999999,,,PRUNED
211,211,192.50032339999998,2022-06-26 23:59:01.183322,2022-06-27 00:48:06.259678,0 days 00:49:05.076356,relu,8,0.3,1.2124111655974686e-07,0.99,0.9,7.323631967273894e-05,0.7,10,1024,small,0.7932298376025391,192.50032339999998,,,PRUNED
212,212,18.806184000000002,2022-06-27 00:07:37.161784,2022-06-27 00:17:48.971842,0 days 00:10:11.810058,relu,64,0.3,0.0002536833916586843,0.9,0.999,0.1033580827689224,0.5,10,128,small,0.6661215953395208,18.806184000000002,,,PRUNED
213,213,-39.7355022,2022-06-27 00:14:56.652592,2022-06-27 00:25:28.183510,0 days 00:10:31.530918,tanh,64,0.2,0.0005585395056079463,0.9,0.999,0.0011572929001213497,0.9,10,256,medium,0.5999748222806104,-39.7355022,,,PRUNED
214,214,141.94977139999997,2022-06-27 00:17:48.972413,2022-06-27 00:32:10.975405,0 days 00:14:22.002992,relu,32,0.4,4.846797623521533e-05,0.9,0.95,0.04319902133424393,0.5,10,256,medium,0.9494638952013096,141.94977139999997,,,PRUNED
215,215,124.3677748,2022-06-27 00:25:28.184165,2022-06-27 01:11:08.945171,0 days 00:45:40.761006,tanh,16,0.4,6.528242390517412e-08,0.98,0.999,0.00011546443481456168,1.0,20,512,medium,0.8323370775278549,124.3677748,,,PRUNED
216,216,675.1499656,2022-06-27 00:32:10.976044,2022-06-27 01:03:31.182953,0 days 00:31:20.206909,relu,512,0.3,0.0005426856527485511,0.9,0.995,7.674998114228755e-05,0.8,20,256,small,0.5290978316760784,634.3610507999999,675.1499656,,PRUNED
217,217,,2022-06-27 00:48:06.260493,2022-06-27 00:49:16.085336,0 days 00:01:09.824843,tanh,8,0.2,0.0007357655258813622,1.0,0.99,0.2790538019421975,1.0,5,256,small,0.6259144925949264,,,,PRUNED
218,218,,2022-06-27 00:49:16.086200,2022-06-27 00:58:30.043312,0 days 00:09:13.957112,tanh,32,0.3,0.0010570590744139918,0.98,0.995,0.1288365698790536,5.0,10,32,medium,0.2355488695504714,,,,PRUNED
219,219,,2022-06-27 00:58:30.043931,2022-06-27 00:59:42.600830,0 days 00:01:12.556899,tanh,256,0.4,0.0013715226496091994,0.9,0.98,0.9338992741226065,0.8,5,128,small,0.8267485899054144,,,,PRUNED
220,220,,2022-06-27 00:59:42.601538,2022-06-27 00:59:47.420391,0 days 00:00:04.818853,relu,32,0.2,0.0027738111210898414,0.98,0.99,0.6413137411328125,0.3,5,16,small,0.054197869884085044,,,,PRUNED
221,221,232.7753208,2022-06-27 00:59:47.421434,2022-06-27 01:28:44.771034,0 days 00:28:57.349600,tanh,32,0.4,0.05519806148938863,0.95,0.995,0.000779437933440631,0.9,20,512,small,0.7718841789199034,232.7753208,,,PRUNED
222,222,,2022-06-27 01:03:31.183845,2022-06-27 01:04:15.366201,0 days 00:00:44.182356,tanh,32,0.3,0.000203135025933953,1.0,0.999,0.9919405526379067,0.6,10,128,small,0.707110372003601,,,,PRUNED
223,223,289.87814820000006,2022-06-27 01:04:15.366835,2022-06-27 01:20:36.826778,0 days 00:16:21.459943,relu,16,0.3,0.008351119446922864,0.8,0.98,0.03932479714808252,0.7,5,32,small,0.640031499048091,289.87814820000006,,,PRUNED
224,224,1.8406869999999997,2022-06-27 01:11:08.946122,2022-06-27 01:19:38.309487,0 days 00:08:29.363365,relu,64,0.2,1.928677036234052e-08,0.98,0.9999,0.1519876251067315,0.8,5,512,medium,0.17171375931098287,1.8406869999999997,,,PRUNED
225,225,28.548348799999996,2022-06-27 01:19:38.310194,2022-06-27 01:47:46.717451,0 days 00:28:08.407257,tanh,16,0.1,1.2222172194843423e-08,0.95,0.99,0.006406440306333692,0.5,10,64,medium,0.8934080591944591,28.548348799999996,,,PRUNED
226,226,,2022-06-27 01:20:36.827503,2022-06-27 01:21:35.821795,0 days 00:00:58.994292,relu,32,0.3,0.05231444967908937,0.9,0.98,0.24110760051271798,0.5,5,64,medium,0.20892488550829683,,,,PRUNED
227,227,135.7438334,2022-06-27 01:21:35.822478,2022-06-27 01:28:20.825179,0 days 00:06:45.002701,tanh,32,0.2,2.2068249921296907e-07,0.95,0.95,1.5490573782811573e-05,1.0,1,64,medium,0.08620095342884015,135.7438334,,,PRUNED
228,228,96.333898,2022-06-27 01:28:20.825799,2022-06-27 01:36:11.653885,0 days 00:07:50.828086,tanh,64,0.3,6.245302042096812e-06,0.99,0.999,0.06634280267934115,1.0,5,512,small,0.6239606243267279,96.333898,,,PRUNED
229,229,,2022-06-27 01:28:44.771560,2022-06-27 01:46:26.946797,0 days 00:17:42.175237,tanh,16,0.1,0.06454807616859555,0.98,0.99,0.08726865981331056,0.9,20,64,medium,0.01396181109896877,,,,PRUNED
230,230,-3.1321338000000005,2022-06-27 01:36:11.654474,2022-06-27 01:42:48.481060,0 days 00:06:36.826586,relu,64,0.2,0.041977444508602656,0.98,0.9,0.21364804544595498,0.8,1,32,medium,0.36663304591925394,-3.1321338000000005,,,PRUNED
231,231,-16.383373400000004,2022-06-27 01:42:48.481775,2022-06-27 01:52:15.275893,0 days 00:09:26.794118,relu,64,0.3,3.026692001579678e-07,0.95,0.95,0.00655788554636247,0.8,5,128,small,0.08892912709753453,-16.383373400000004,,,PRUNED
232,232,273.63066100000003,2022-06-27 01:46:26.948380,2022-06-27 02:01:37.580528,0 days 00:15:10.632148,relu,64,0.2,1.0457474878262923e-07,0.98,0.95,0.00040152623439700113,2.0,10,512,medium,0.8250412767488211,273.63066100000003,,,PRUNED
233,233,769.9865517999999,2022-06-27 01:47:46.718324,2022-06-27 02:32:05.746491,0 days 00:44:19.028167,tanh,64,0.2,0.0005642490096336926,0.95,0.9999,8.351207903293114e-05,0.6,5,64,medium,0.04901100011679039,1002.1357052,769.9865517999999,,PRUNED
234,234,,2022-06-27 01:52:15.276473,2022-06-27 01:52:55.238024,0 days 00:00:39.961551,relu,64,0.2,6.102873795558184e-08,0.98,0.995,0.5964722774833665,0.7,5,32,small,0.8855090296863108,,,,PRUNED
235,235,250.3618458,2022-06-27 01:52:55.239044,2022-06-27 02:27:33.206221,0 days 00:34:37.967177,tanh,32,0.1,2.2419169287116138e-05,1.0,0.9999,0.0023420619666140955,0.8,1,256,small,0.5877873994018972,954.7872416,250.3618458,,PRUNED
236,236,33.3390986,2022-06-27 02:01:37.581012,2022-06-27 02:38:26.766294,0 days 00:36:49.185282,relu,8,0.1,6.319672740092545e-08,0.95,0.9,0.006948611266935255,0.7,5,16,small,0.7486967614026087,33.3390986,,,PRUNED
237,237,-7.817797199999999,2022-06-27 02:27:33.206795,2022-06-27 02:35:19.078316,0 days 00:07:45.871521,tanh,512,0.2,2.751611036352398e-06,0.98,0.9999,0.7886884495425663,0.5,5,1024,medium,0.4235531084765772,-7.817797199999999,,,PRUNED
238,238,172.358212,2022-06-27 02:32:05.747395,2022-06-27 03:00:09.259435,0 days 00:28:03.512040,tanh,128,0.2,2.6786448892422164e-08,0.99,0.9,0.005469571431041902,0.5,1,512,small,0.533524440380818,343.9590854,172.358212,,PRUNED
239,239,-65.50809319999999,2022-06-27 02:35:19.079269,2022-06-27 02:47:24.408581,0 days 00:12:05.329312,relu,64,0.4,7.358675145028624e-06,0.99,0.995,0.012364150978373055,0.8,5,128,small,0.9533501234837874,-65.50809319999999,,,PRUNED
240,240,143.90939260000002,2022-06-27 02:38:26.767302,2022-06-27 02:50:40.211003,0 days 00:12:13.443701,relu,64,0.3,0.0005081135062283619,0.98,0.95,1.6029863707781184e-05,2.0,5,64,small,0.70139795727639,143.90939260000002,,,PRUNED
241,241,217.87392379999997,2022-06-27 02:47:24.409613,2022-06-27 03:34:27.771340,0 days 00:47:03.361727,relu,16,0.3,2.861856760498244e-07,0.99,0.95,0.0013733420212291396,0.5,20,2048,small,0.14957882207183248,217.87392379999997,,,PRUNED
242,242,79.58108239999999,2022-06-27 02:50:40.211623,2022-06-27 03:19:59.085742,0 days 00:29:18.874119,relu,8,0.2,0.0014002891552989893,0.92,0.99,0.053225540188638044,0.6,5,16,small,0.5642504597082401,79.58108239999999,,,PRUNED
243,243,77.3025738,2022-06-27 03:00:09.260153,2022-06-27 03:06:43.141449,0 days 00:06:33.881296,relu,128,0.3,3.6603332215038584e-06,0.9,0.9,0.00011074096489546197,0.9,5,1024,small,0.5386662924365074,77.3025738,,,PRUNED
244,244,0.42124819999999996,2022-06-27 03:06:43.142206,2022-06-27 03:21:04.097182,0 days 00:14:20.954976,tanh,64,0.3,2.626893622298756e-08,1.0,0.99,0.004394381273845665,0.5,5,16,small,0.50486525710723,0.42124819999999996,,,PRUNED
245,245,1140.07292,2022-06-27 03:19:59.086378,2022-06-27 07:13:02.360125,0 days 03:53:03.273747,relu,64,0.2,2.659822531867311e-05,0.95,0.995,0.00021545203916758867,2.0,20,512,small,0.4247913955654759,514.6002172,1101.4846878,1140.07292,PRUNED
246,246,238.33266919999997,2022-06-27 03:21:04.098092,2022-06-27 03:35:22.926873,0 days 00:14:18.828781,tanh,16,0.2,0.004326450544323403,0.98,0.99,0.003173477423567141,0.7,5,256,medium,0.2844018181562693,238.33266919999997,,,PRUNED
247,247,1.4225717999999996,2022-06-27 03:34:27.771979,2022-06-27 03:47:56.550828,0 days 00:13:28.778849,relu,32,0.2,5.897523516360911e-05,0.98,0.98,0.0016089616446399318,0.7,5,32,medium,0.8886698175511674,1.4225717999999996,,,PRUNED
248,248,,2022-06-27 03:35:22.927682,2022-06-27 03:35:37.733140,0 days 00:00:14.805458,relu,16,0.3,5.944130884987343e-05,0.99,0.999,0.899752678419053,2.0,10,2048,medium,0.19373404748292403,,,,PRUNED
249,249,168.6876266,2022-06-27 03:35:37.734149,2022-06-27 03:45:58.330763,0 days 00:10:20.596614,relu,512,0.2,0.005153792731967811,0.92,0.999,0.0009592558098426255,2.0,5,64,medium,0.04589238388123973,168.6876266,,,PRUNED
250,250,-13.886969400000002,2022-06-27 03:40:31.285212,2022-06-27 03:52:24.541931,0 days 00:11:53.256719,relu,128,0.3,0.0029858559007095017,0.92,0.95,0.012133891201654786,1.0,20,512,small,0.4993732656695395,-13.886969400000002,,,PRUNED
251,251,,2022-06-27 03:45:58.331450,2022-06-27 03:46:03.600614,0 days 00:00:05.269164,tanh,128,0.2,0.002468226502800361,1.0,0.98,0.7415544208474858,0.9,10,16,medium,0.5643367605100629,,,,PRUNED
252,252,,2022-06-27 03:46:03.601348,,,tanh,256,0.2,1.572882609135767e-05,0.92,0.9,0.00011941470922719706,0.6,20,8,small,0.48828409751963203,582.6164516,,,RUNNING
253,253,75.7313078,2022-06-27 03:47:56.552408,2022-06-27 04:14:58.944415,0 days 00:27:02.392007,tanh,16,0.3,0.0006583707363312983,0.95,0.95,0.0008797929524708556,0.8,10,128,medium,0.05559390369647544,75.7313078,,,PRUNED
254,254,-6.5468622,2022-06-27 03:52:24.542542,2022-06-27 03:58:02.488612,0 days 00:05:37.946070,relu,128,0.2,0.00037874813978532637,0.99,0.9999,0.5420951584384898,2.0,1,256,small,0.8797524541475675,-6.5468622,,,PRUNED
255,255,-4.505160200000001,2022-06-27 03:58:02.489303,2022-06-27 04:04:25.488464,0 days 00:06:22.999161,tanh,128,0.2,1.9443873684054157e-06,1.0,0.99,0.05126999297735023,0.8,5,2048,small,0.8671603308227599,-4.505160200000001,,,PRUNED
256,256,-7.4837334,2022-06-27 04:04:25.489074,2022-06-27 04:10:57.555034,0 days 00:06:32.065960,relu,128,0.1,2.3170728271762496e-07,0.92,0.99,0.6943475149840429,0.3,5,1024,small,0.2293117172180952,-7.4837334,,,PRUNED
257,257,1.5062266000000002,2022-06-27 04:10:57.555615,2022-06-27 04:51:58.549143,0 days 00:41:00.993528,tanh,8,0.3,0.00048226241729318255,0.92,0.995,0.0013420295266613395,0.9,10,64,medium,0.5598030151717548,1.5062266000000002,,,PRUNED
258,258,-5.1893232,2022-06-27 04:14:58.945074,2022-06-27 04:29:34.203241,0 days 00:14:35.258167,tanh,256,0.4,0.0003846253216266249,0.9,0.999,0.11363449687881017,0.9,10,32,small,0.1492067493266307,-5.1893232,,,PRUNED
259,259,,2022-06-27 04:29:34.203821,2022-06-27 04:29:50.303531,0 days 00:00:16.099710,relu,128,0.2,0.003656264019936779,0.92,0.99,0.32401209264871117,2.0,5,16,small,0.04642403479961321,,,,PRUNED
260,260,-12.094641200000002,2022-06-27 04:29:50.304157,2022-06-27 04:34:01.535983,0 days 00:04:11.231826,tanh,512,0.3,8.905949091946546e-06,0.9,0.999,0.6625425731002672,5.0,1,1024,medium,0.2807670107919865,-12.094641200000002,,,PRUNED
261,261,126.68331119999998,2022-06-27 04:34:01.536603,2022-06-27 04:41:18.269094,0 days 00:07:16.732491,tanh,128,0.1,1.627347941872524e-08,0.99,0.95,0.29814883623150995,1.0,20,2048,medium,0.8169689299553877,126.68331119999998,,,PRUNED
262,262,178.78517060000001,2022-06-27 04:41:18.269766,2022-06-27 04:45:24.073289,0 days 00:04:05.803523,tanh,512,0.2,6.508465594848375e-07,0.92,0.9,4.7173331110891056e-05,2.0,5,1024,medium,0.6285280148945036,178.78517060000001,,,PRUNED
263,263,85.57868140000001,2022-06-27 04:45:24.074002,2022-06-27 04:58:31.143301,0 days 00:13:07.069299,relu,256,0.4,2.626599823467946e-06,0.92,0.98,8.429371647749891e-05,0.8,10,32,medium,0.4119381780406968,85.57868140000001,,,PRUNED
264,264,109.888301,2022-06-27 04:51:58.549768,2022-06-27 04:56:51.913738,0 days 00:04:53.363970,relu,64,0.1,0.00044986674935477495,0.95,0.99,5.153625136353988e-05,0.9,1,256,medium,0.12107858462279521,109.888301,,,PRUNED
265,265,145.54502480000002,2022-06-27 04:56:51.914384,2022-06-27 05:06:26.769831,0 days 00:09:34.855447,relu,512,0.3,7.158486914871662e-05,0.95,0.9,1.607024024447683e-05,0.6,1,8,small,0.4619742483641664,145.54502480000002,,,PRUNED
266,266,-12.5418968,2022-06-27 04:58:31.143975,2022-06-27 05:05:31.826196,0 days 00:07:00.682221,tanh,32,0.4,0.0007458999079798281,1.0,0.99,0.01772268760922565,0.3,1,16,medium,0.4256511588141258,-12.5418968,,,PRUNED
267,267,-4.628837,2022-06-27 05:05:31.827041,2022-06-27 05:11:19.787165,0 days 00:05:47.960124,tanh,128,0.3,1.1277990060585457e-07,0.98,0.99,0.016628004638169675,0.9,1,32,small,0.8344393367134302,-4.628837,,,PRUNED
268,268,351.9193972,2022-06-27 05:06:26.771677,2022-06-27 06:44:35.102727,0 days 01:38:08.331050,relu,256,0.3,7.056940544864714e-07,0.9,0.99,0.00033068969962421295,2.0,20,2048,medium,0.3669490816890748,736.2191366,1148.9169648,351.9193972,PRUNED
269,269,429.8422898,2022-06-27 05:11:19.787843,2022-06-27 06:04:27.457469,0 days 00:53:07.669626,tanh,32,0.4,5.282113649377025e-07,0.95,0.9999,2.1001040486006306e-05,0.9,10,128,small,0.401329111830485,1011.9489121999999,429.8422898,,PRUNED
270,270,-18.735742,2022-06-27 06:04:27.458172,2022-06-27 06:41:41.815662,0 days 00:37:14.357490,relu,64,0.3,4.517989277966335e-06,0.99,0.98,0.005029011169715226,5.0,10,8,small,0.7150920099457894,-18.735742,,,PRUNED
271,271,-9.004424199999999,2022-06-27 06:41:41.816307,2022-06-27 06:51:00.118006,0 days 00:09:18.301699,tanh,128,0.3,0.005253831510872578,0.95,0.95,0.024446347756065554,0.9,20,256,medium,0.4770459008447738,-9.004424199999999,,,PRUNED
272,272,,2022-06-27 06:44:35.103506,2022-06-27 06:46:43.269376,0 days 00:02:08.165870,tanh,32,0.3,0.062320740145754346,1.0,0.99,0.07701646311198708,5.0,5,32,medium,0.6908109289139338,,,,PRUNED
273,273,73.7129312,2022-06-27 06:46:43.270156,2022-06-27 06:52:22.913230,0 days 00:05:39.643074,relu,256,0.3,0.00012672439064697014,0.99,0.995,8.394644574127133e-05,1.0,1,32,small,0.45829832522983155,73.7129312,,,PRUNED
274,274,,2022-06-27 06:51:00.118765,,,relu,64,0.3,3.69490243374814e-06,0.98,0.9,5.211117642468645e-05,1.0,5,512,medium,0.018134748681128632,317.9563212,,,RUNNING
275,275,66.3292984,2022-06-27 06:52:22.913797,2022-06-27 07:11:47.411078,0 days 00:19:24.497281,relu,256,0.2,0.08384680647415634,0.95,0.95,3.68631605624345e-05,2.0,1,128,small,0.5856401006551946,326.33945980000004,66.3292984,,PRUNED
276,276,,2022-06-27 07:11:47.411768,,,tanh,128,0.2,0.03975344093841881,0.98,0.995,0.055353178540942724,0.6,20,512,small,0.4509669933740537,,,,RUNNING
277,277,,2022-06-27 07:13:02.360732,,,tanh,64,0.4,0.026218058505588112,0.92,0.995,2.4970531428997494e-05,0.6,5,128,small,0.47821137246682427,,,,RUNNING
